1,uniprot,log2fc,modsite,kinase
2,PRPF3_HUMAN,3.623417,S619,CK2alpha
3,HS90A_HUMAN,3.789831,S263,CK2alpha
4,SIN3A_HUMAN,0.77973,S832,CK2alpha
5,CHD3_HUMAN,1.269517,S597,CK2alpha
6,DNLI1_HUMAN,2.168465,S66,CK2alpha
7,KAP2_HUMAN,2.061487,S80,CK2alpha
8,KAP2_HUMAN,1.71128,S78,CK2alpha
9,MAX_HUMAN,1.585241,S144,CK2alpha
10,TCP4_HUMAN,1.050973,S17,CK2alpha
11,NOLC1_HUMAN,0.762544,S173,CK2alpha
12,NOLC1_HUMAN,1.428121,S431,CK2alpha
13,NOLC1_HUMAN,3.212073,S332,CK2alpha
14,TOP2A_HUMAN,2.319181,S1106,CK2alpha
15,CHD4_HUMAN,4.966995,S1349,CK2alpha
16,HAP28_HUMAN,2.43335,S60,CK2alpha
17,HAP28_HUMAN,1.794515,S63,CK2alpha
18,IPP2_HUMAN,1.042677,S121,CK2alpha
19,EF1D_HUMAN,0.606326,S162,CK2alpha
20,HNRPC_HUMAN,1.667044,S233,CK2alpha
21,NOLC1_HUMAN,0.801382,S126,CK2alpha
22,IWS1_HUMAN,2.013967,S54,CK2alpha
23,IWS1_HUMAN,0.630498,S398,CK2alpha
24,IWS1_HUMAN,1.193463,S377,CK2alpha
25,IWS1_HUMAN,1.893964,S438,CK2alpha
26,IWS1_HUMAN,2.308531,S400,CK2alpha
27,CTR9_HUMAN,2.36207,S1102,CK2alpha
28,EIF3C_HUMAN,1.180913,S39,CK2alpha
29,IF4G1_HUMAN,1.16983,S1238,CK2alpha
30,NUCL_HUMAN,2.547058,S580,CK2alpha
31,KIF11_HUMAN,1.38802,T926,CDK1
32,PTTG1_HUMAN,1.897554,S165,CDK1
33,EZH2_HUMAN,0.964857,T367,CDK1
34,TP53B_HUMAN,1.946664,T1056,CDK1
35,NUCKS_HUMAN,2.097162,T202,CDK1
36,NUCKS_HUMAN,2.097162,S214,CDK1
37,BOREA_HUMAN,1.101475,S219,CDK1
38,BRCA1_HUMAN,3.140507,S1497,CDK1
39,KI67_HUMAN,2.128717,T1923,CDK1
40,MAP4_HUMAN,1.758262,S358,CDK1
41,NUMA1_HUMAN,1.779701,S1757,CDK1
42,GBF1_HUMAN,0.713342,S1789,CDK1
43,KAT7_HUMAN,1.467634,S57,CDK1
44,ARHG2_HUMAN,1.35185,S932,CDK1
45,TP53B_HUMAN,3.536571,S1430,CDK1
46,KI67_HUMAN,2.633908,S2708,CDK1
47,NUMA1_HUMAN,1.01144,S271,CDK1
48,E2F8_HUMAN,1.4,S417,CKD1
49,MPIP2_HUMAN,1.466337,S353,AuroraA
50,KI67_HUMAN,2.871338,S1740,AuroraA
51,TOP2A_HUMAN,1.571049,S1392,AuroraA
52,NUMA1_HUMAN,1.044,S1991,AuroraA
53,KI67_HUMAN,3.051809,S1496,AuroraA
54,H2AX_HUMAN,3.036396,T137,DNAPK
55,H2AX_HUMAN,3.036396,S140,DNAPK
56,HMGA1_HUMAN,2.799563,S44,DNAPK
57,HMGA1_HUMAN,2.178214,S9,DNAPK
58,H2AX_HUMAN,3.036396,S140,ATM
59,TIF1B_HUMAN,2.5,S824,ATM
60,MDC1_HUMAN,1.07949,S955,ATM
61,H2AX_HUMAN,3.036396,T137,ATM
62,CIZ1_HUMAN,1.020252,S838,CDK2
63,EZH2_HUMAN,0.964857,T367,CDK2
64,BRCA1_HUMAN,3.140507,S1497,CDK2
65,NCK1_HUMAN,1.164661,S85,PAK3
66,ARHG6_HUMAN,2.327847,S488,PAK3
67,FAK1_HUMAN,1.033278,S910,MAPK3
68,HSF1_HUMAN,0.901107,S303,MAPK3
69,KPCI_HUMAN,1.659788,S247,PKCiota
70,PARD3_HUMAN,4.379148,S852,PKCiota
71,MRCKG_HUMAN,1.177,S1540,DMPK1/2
72,NCK1_HUMAN,1.164661,S85,PAK2
73,KPCD2_HUMAN,1.7749,S710,PKD2
74,TRRAP_HUMAN,0.90372,S1628,CDK4
75,FAK1_HUMAN,1.033278,S910,MAPK1
76,CLASR_HUMAN,1.372798,S294,CLK4
77,AAKB2_HUMAN,1.977892,T40,AMPKa1
78,BRCA1_HUMAN,3.140507,S1497,CDK5
79,NUCKS_HUMAN,0.926406,S204,CDK1
80,WASL_HUMAN,1.116762,Y256,EphB2
81,SRSF1_HUMAN,0.897872,S205,CLK1
82,IF4B_HUMAN,2.947765,S442,p70S6K
83,CTNB1_HUMAN,1.485652,S552,TGFbR2
